Kaopunza,kaopunza@gmail.com,20
Nicenicegame,nicenicegame@gmail.com,19
Borrabeam,borrabeam@gmail.com,19
Taekung,taekung@gmail.com,19
Icezu,icezu@gmail.com,20
Kueaza,kueaza@gmail.com,20
Brian,Brian@gmail.com,65
